SL No,Facility,UHID,IP/ER,PatientName,Age/Gender,Father/Spouse Name,Admit Date & Time,Registration Date&Time,Dateofbirth,Primary Doctor,Primary Doctor specality,Ward & BedNo,ADDRESS,ExpirydateTime,Mobile NO,Length of Stay in Hours,Remarks,H Location
1,Banjara,AIBH.120134,18765,Ms. SINDHU SRI  SRAVANI,33 Year(s) Female,-,8/10/2024 13:47,25/07/2022 14:10:50,1/1/1991,Dr.  Nephro-Team Dr M V R,Nephrology,Day Care First Floor_BJ/DC1F-D,HNO:11/72_ELURU ROAD_GUDIVADA_KRISHNA/Gudivada/ANDHRA PRADESH,10/10/2024 13:32,7093227878,48,,Banjara Hills
2,Banjara,AIBH.120160,12674,Mrs. K  JANAKI,73 Year(s) Female,-,29/01/2024 15:40:35,25/07/2022 15:39:14,5/27/1950,Dr.  Nephro-Team Dr G S,Nephrology,MICU_BJ/MICU1,JUBILEE HILLS/Hyderabad/TELANGANA,29/01/2024 17:01:00,9440623916,2,,Banjara Hills
3,Banjara,AIBH.124734,15564,Mr. T  RAKESH,38 Year(s) Male,KISHAN RAO,29/05/2024 20:38:28,19/09/2022 16:17:47,3/5/1986,Dr.  Nephro-Team Dr M V R,Nephrology,SICU_BJ/SICU-2,H.NO.18-1-297/52_UPPUGUDA_SHIVAJI NAGAR_HYDERABAD/Hyderabad/TELANGANA,31/05/2024 07:32:00,8143403193,35,,Banjara Hills
4,Banjara,AIBH.138967,19193,Mr. K G  SURENDAR,59 Year(s) Male,GANAPANTHI,26/10/2024 12:03:37,31/07/2023 12:36:45,9/16/1965,Dr.  Nephro-Team Dr M V R,Nephrology,Isolation KTP_BJ/403,H.NO.181 CHINNA THOKATTA/Hyderabad/TELANGANA,29/10/2024 21:27:00,9666083311,81,,Banjara Hills
5,Banjara,AIBH.151978,15877,Mrs. C H  AZIZA BEGUM,75 Year(s) Female,ABDUL ROFA,10/6/2024 20:39,10/6/2024 19:05,1/1/1949,Dr.  Nephro-Team Dr G S,Nephrology,SICU_BJ/SICU-7,HNO 11-187 BANAGANAPALLI  /NANDYAL/ANDHRA PRADESH,20/06/2024 12:50:42,9440572292,232,,Banjara Hills
6,Banjara,AIBH.153569,18018,Mr. B  NARSING RAO,74 Year(s) Male,B KRISHNA,6/9/2024 9:58,15/07/2024 00:18:28,5/5/1950,Dr.  Nephro-Team Dr G S,Nephrology,SICU_BJ/SICU-4,ALWAL/Hyderabad/TELANGANA,7/9/2024 14:52,9963420908,29,,Banjara Hills
7,Banjara,AIBH.158482,19315,Mr. M  RAJENDER KUMAR,56 Year(s) Male,-,2/11/2024 9:07,30/10/2024 12:21:47,1/1/1968,Dr.  Uro-Team Dr C M,Urology,SICU_BJ/SICU-7,HNO 8-7-76/HAI COLONY OLD BOWENPALLY/BOWNPALLY/TELANGANA,6/11/2024 5:59,9392140953,92,,Banjara Hills
8,Banjara,AIBH.158615,19335,Mr. MAHENDER PRASAD  DUBEY,63 Year(s) Male,LATE PRAMESHWAR PRASAD DUBEY,2/11/2024 20:26,2/11/2024 20:26,1/1/1961,Dr.  Nephro-Team Dr M V R,Nephrology,SICU_BJ/SICU-2,B2-19_HUDA COLONY_CHANDA NAGAR/HYDERABAD/TELANGANA,5/11/2024 20:00,9550777773,72,,Banjara Hills
9,Banjara,AIBH.94954,19400,Mr. D MURALIDHAR RAO  .,85 Year(s) Male,KRISHNA RAO,5/11/2024 16:16,23/07/2022 11:44:06,1/1/1939,Dr.  Nephro-Team Dr S R,Nephrology,SICU_BJ/SICU-9,3-8-5/205 Ananth Sai ram Apts Secunderabad./Hyderabad/TELANGANA,6/11/2024 23:16,9848622210,31,,Banjara Hills
